time,open,high,low,close,tick_volume,spread,real_volume,sma_5,sma_20,sma_50,sma_200,ema_9,ema_12,ema_26,ema_50,ema_200,rsi_14,lowest_low,highest_high,stoch_k,stoch_d,bb_middle,bb_upper,bb_lower,bb_width,macd,signal,histogram,tr,atr_14,plus_dm,minus_dm,plus_di_14,minus_di_14,dx,adx_14,tenkan_sen,kijun_sen,senkou_span_a,senkou_span_b,chikou_span
2025-04-28 00:00:00,93701.54,93756.6,93612.13,93623.55,1881,2898,0,,,,,93623.55,93623.55,93623.55,93623.55,93623.55,,,,,,,,,,0.0,0.0,0.0,144.47000000000116,,0.0,0.0,0.0,0.0,,,,,,,93083.91
2025-04-28 00:05:00,93621.21,93666.11,93274.47,93400.0,2063,2898,0,,,,,93578.84000000001,93589.1576923077,93606.99074074073,93614.78333333334,93621.32562189056,,,,,,,,,,-17.83304843303631,-3.5666096866072623,-14.26643874642905,391.6399999999994,,0.0,337.6600000000035,0.0,14.876528252010193,100.0,100.0,,,,,93259.67
2025-04-28 00:10:00,93400.31,93403.51,93226.22,93384.73,1939,2898,0,,,,,93540.01800000001,93557.70727810652,93590.52698216734,93605.76163398694,93618.97143659812,,,,,,,,,,-32.819704060821095,-9.41722856145003,-23.402475499371064,177.2899999999936,,0.0,48.25,0.0,15.833911921074998,100.0,100.0,,,,,93357.48
2025-04-28 00:15:00,93387.32,93508.54,93347.14,93485.15,1926,2898,0,,,,,93529.04440000001,93546.54461993629,93582.72127978457,93601.03176598746,93617.63988001506,,,,,,,,,,-36.17665984827909,-14.76911481881584,-21.407545029463247,161.39999999999418,,105.02999999999884,0.0,4.6003104479030945,14.714562883153462,52.36509844974013,96.5975070321243,,,,,93381.55
2025-04-28 00:20:00,93484.79,93554.66,93304.99,93432.58,1777,2898,0,93465.202,,,,93509.75152000002,93529.01160148456,93571.59970350424,93594.42581438011,93615.79848817413,,,,,,,,,,-42.58810201968299,-20.33291225898927,-22.25518976069372,249.66999999999825,,46.120000000009895,0.0,6.0618641503956,13.16424493788975,36.94133199224225,92.33635167213274,,,,,93510.39
2025-04-28 00:25:00,93432.76,93550.38,93387.14,93550.38,1766,2898,0,93450.568,,,,93517.87721600002,93532.29904741001,93570.02787361504,93592.69852754168,93615.14755794355,,,,,,,,,,-37.72882620502787,-23.812095048196994,-13.916731156830878,163.24000000000524,,0.0,0.0,5.643219756610438,12.255096002029385,36.94133199224224,88.37956455214056,,,,,93455.57
2025-04-28 00:30:00,93550.38,93780.03,93506.94,93643.47,1960,2898,0,93499.262,,,,93542.99577280003,93549.40227088539,93575.46803112503,93594.68956567731,93615.42937328739,,,,,,,,,,-26.06576023963862,-24.26282808648532,-1.8029321531533,273.0899999999965,,229.64999999999418,0.0,14.324136578445588,10.89900224347843,13.579334273774135,83.03669096082868,,,,,93473.47
2025-04-28 00:35:00,93642.9,93714.66,93579.21,93648.06,1884,2898,0,93551.92799999999,,,,93564.00861824004,93564.58038305686,93580.84521400464,93596.78252388605,93615.75405614026,,,,,,,,,,-16.264830947780865,-22.66322865874443,6.398397710963565,135.4499999999971,,0.0,0.0,13.524744284744441,10.290757665890519,13.579334273774142,78.07545119746764,,,,,93535.83
2025-04-28 00:40:00,93647.13,93677.02,93552.66,93583.07,1858,2898,0,93571.512,,,,93567.82089459203,93567.42493950966,93581.01001296726,93596.24477785132,93615.4288416513,,,,,,,,,,-13.585073457608814,-20.847597618517305,7.262524160908491,124.36000000000058,,0.0,26.55000000000291,12.817481833441699,10.869053090731546,8.225891836638747,73.08619695740843,93503.125,,,,93565.95
2025-04-28 00:45:00,93583.58,93631.79,93457.52,93478.43,1820,2898,0,93580.682,,,,93549.94271567363,93553.73341035433,93573.41149348821,93591.6245904846,93614.06566909756,,,,,,,,,,-19.678083133883774,-20.6136947215906,0.935611587706827,174.26999999998952,,0.0,95.13999999999942,11.879936533318135,14.067310010174392,8.430079365800152,68.46790284372213,93503.125,,,,93605.75
2025-04-28 00:50:00,93478.52,93487.7,93413.62,93434.62,1671,2898,0,93557.53,,,,93526.87817253891,93535.40827029981,93563.1306421187,93585.46754772049,93612.28014005182,,,,,,,,,,-27.72237181889068,-22.035430141050618,-5.6869416778400605,74.08000000000175,,0.0,43.90000000000873,11.495023651743079,15.531572739421087,14.935469599115638,64.64415761196453,93503.125,,,,93506.26
2025-04-28 00:55:00,93428.14,93454.79,93342.14,93406.53,1775,2898,0,93510.142,,,,93502.80853803112,93515.58084409984,93551.53059455435,93578.45038898636,93610.23287497667,,,,,,,,,,-35.94975045451429,-24.818294203743353,-11.131456250770935,112.64999999999418,,0.0,71.47999999999593,10.915834811041988,17.94615293140838,24.358398954019943,61.76660342211135,93542.51000000001,,,,93499.7
2025-04-28 01:00:00,93406.53,93576.45,93335.01,93519.12,1947,2898,0,93484.354,,,,93506.0708304249,93516.12532962293,93549.12980977254,93576.12370706532,93609.32627920576,,,,,,,,,,-33.00448014961148,-26.45553139291698,-6.5489487566945,241.44000000000233,,121.66000000000349,0.0,15.028263579644207,16.076486362198132,3.3699765615020993,57.59541578921069,93542.51000000001,,,,93586.72
2025-04-28 01:05:00,93519.12,93547.83,93221.64,93313.29,1795,2898,0,93430.398,,,,93467.51466433992,93484.91989429633,93531.66019423383,93565.81650286667,93606.38064458681,36.70967410301173,93221.64,93780.03,16.41325954977601,,,,,,-46.74029993750446,-30.51248510183448,-16.22781483566998,326.1900000000023,196.374285714284,0.0,113.36999999999534,13.050137417684422,18.535191770625595,17.365829307143127,54.72187389763444,93500.83499999999,,,,93751.33
2025-04-28 01:10:00,93318.29,93357.17,93176.16,93327.61,1931,2898,0,93400.234,,,,93439.53373147194,93460.71837209689,93516.54536503133,93556.4750713817,93603.60680732725,37.47672568468791,93176.16,93780.03,25.07990130326035,,,,,,-55.82699293443875,-35.575386668355335,-20.251606266083414,181.00999999999476,198.98428571428354,0.0,45.479999999995925,12.09845569081696,19.01580362206735,22.232082922783697,52.40117454228796,93478.095,,,,93795.55
2025-04-28 01:15:00,93326.64,93338.82,93160.62,93229.39,1734,2898,0,93359.188,,,,93397.50498517755,93425.12939177429,93495.27459725123,93543.64820583732,93599.88325700558,41.92363405697617,93160.62,93780.03,11.10250076685938,17.531887206631914,,,,,-70.14520547694701,-42.48935043007367,-27.65585504687334,178.20000000001164,183.73857142857014,0.0,15.540000000008149,11.230188285135776,18.276945442536856,23.88153733411399,50.36405759884696,93437.64,,,,93734.83
2025-04-28 01:20:00,93229.07,93238.66,92955.81,92991.59,1975,2898,0,93276.2,,,,93316.32198814205,93358.43102380901,93457.96462708447,93521.99886443194,93593.83058778166,34.62807719978724,92955.81,93780.03,4.341073985100918,13.507825351740218,,,,,-99.5336032754567,-53.898200999150276,-45.63540227630642,282.8500000000058,191.278571428571,0.0,204.80999999999767,10.003060921802177,24.192021823696603,41.49415577525446,49.730493182876074,93316.41500000001,,,,93836.23
2025-04-28 01:25:00,92991.45,93153.93,92980.72,93042.94,1778,2898,0,93180.96399999999,,,,93261.64559051365,93309.89394322301,93427.22206211524,93503.21224229736,93588.34908939578,32.019452057022875,92955.81,93780.03,10.57120671665387,8.671593822871388,,,,,-117.32811889222648,-66.58418457776551,-50.74393431446097,173.20999999999185,192.12214285714228,0.0,0.0,9.330677143714153,22.565887267427755,41.49415577525447,49.14218336804596,93293.79999999999,,,,93874.21
2025-04-28 01:30:00,93043.07,93098.99,92869.39,92880.75,2023,2898,0,93094.456,,,,93185.46647241092,93243.87179811178,93386.7426501067,93478.80195828571,93581.30830243664,29.398720236539845,92869.39,93780.03,1.2474743037864129,5.386585001847067,,,,,-142.87085199491412,-81.84151806119525,-61.029333933718874,229.60000000000582,190.68857142857138,0.0,111.33000000000175,8.513740584764795,24.835526808612325,48.94196334606409,49.127881937904405,93222.92,,,,93861.86
2025-04-28 01:35:00,92881.92,93035.64,92762.51,92979.26,1965,2898,0,93024.786,93367.726,,,93144.22517792873,93203.16229070997,93356.55875009879,93459.21207756862,93575.31777206414,28.366994439477878,92762.51,93780.03,21.301792593757284,11.040157871399188,93367.726,93830.89806562435,92904.55393437564,0.009921459704916794,-153.39645938882313,-96.15250632672083,-57.24395306210231,273.13000000000466,198.53785714285706,0.0,106.88000000000466,7.655105635469105,26.277321309539104,54.88029401566134,49.538768514887046,93169.48,,,,93876.63
2025-04-28 01:40:00,92979.27,93054.81,92790.02,92914.95,1806,2898,0,92961.898,93332.296,,,93098.37014234299,93158.82193829304,93323.84699083221,93437.86846668359,93568.74694846151,21.78990737585572,92762.51,93714.66,16.01008244499301,12.853116447512235,93332.296,93820.78760106555,92843.80439893446,0.010467793507738058,-165.0250525391748,-109.92701556921162,-55.098036969963175,264.7899999999936,197.9449999999997,19.169999999998254,0.0,7.615532533847135,23.774048660409004,51.4773230855296,49.67723669850437,93169.48,,,,93835.23
2025-04-28 01:45:00,92914.95,93029.73,92851.32,92917.34,1845,2898,0,92947.048,93308.163,,,93062.1641138744,93121.67087086335,93293.73536188169,93417.45558563719,93562.2652872828,21.65642648792914,92762.51,93677.02,16.930378016642813,18.08075101846437,93308.163,93829.17837042082,92787.14762957918,0.011167626789969503,-172.06449101833277,-122.35451065903585,-49.70998035929692,178.40999999998894,201.01357142857054,0.0,0.0,7.123151261196199,22.23694061399849,51.47732308552959,49.805814297577605,93155.17,,,,93837.68
2025-04-28 01:50:00,92917.35,92971.8,92847.61,92878.68,1737,2898,0,92914.196,93282.8605,,,93025.46729109953,93084.2876599613,93262.99052026082,93396.32713129847,93555.46344362826,22.10800579705544,92762.51,93631.79,13.363933370145226,15.434797943927016,93282.8605,93836.35839876367,92729.36260123632,0.011867086746630619,-178.70286029952695,-133.62418058713408,-45.07867971239287,124.19000000000233,201.00142857142782,0.0,3.710000000006403,6.793867409746097,21.34708492470393,51.71544069296421,49.94221618296236,93059.84,,,,93954.41
2025-04-28 01:55:00,92878.71,92959.73,92792.64,92946.43,1854,2898,0,92927.33199999998,93255.9245,,,93009.65983287964,93063.07878919801,93239.5415928341,93378.68410654168,93549.40340936331,28.300239839454534,92762.51,93576.45,22.596260166596768,17.630190517794933,93255.9245,93820.29897745176,92691.55002254822,0.012103777437792044,-176.46280363608093,-142.19190519692347,-34.27089843915746,167.0899999999965,200.4885714285712,0.0,54.970000000001164,6.367378770947975,22.072227253572244,55.221751205286644,50.3193258274141,93050.66500000001,,,,93885.82
2025-04-28 02:00:00,92949.06,93199.11,92888.47,93089.94,1887,2898,0,92949.468,93238.7925,,,93025.71586630371,93067.21128316755,93228.4599933649,93367.36080824592,93544.83163414577,36.998310097169856,92762.51,93576.45,40.227780917513165,25.39599148475172,93238.7925,93801.38737085338,92676.19762914661,0.012067828331289969,-161.24871019735292,-146.00326619700937,-15.245444000343554,310.6399999999994,217.38571428571387,239.38000000000466,0.0,14.260358422940802,19.607825874755537,15.789058559535656,47.85287816542278,93000.58499999999,,,,93959.95
2025-04-28 02:05:00,93090.34,93261.02,93061.84,93177.19,1870,2898,0,93001.916,93220.133,,,93056.01069304298,93084.13108575715,93224.6622160786,93359.90312949118,93541.17350843288,41.7186642401135,92762.51,93576.45,50.947244268620096,37.92376178424334,93220.133,93763.64618299415,92676.61981700585,0.011660854055939888,-140.53113032145484,-144.90883902189847,4.377708700443634,199.18000000000757,223.5664285714291,61.91000000000349,0.0,15.464459998540312,18.20432436784378,8.13769912061045,45.016079662221905,93011.765,93271.26999999999,,,94015.16
2025-04-28 02:10:00,93177.81,93177.81,93040.96,93083.91,1798,2898,0,93035.23000000001,93192.155,,,93061.59055443438,93084.09707256375,93214.23612599871,93349.07986951114,93536.62362277684,34.06256179643671,92762.51,93547.83,40.925991952325916,44.0336723794864,93192.155,93700.3755024759,92683.9344975241,0.010906937445022111,-130.139053434963,-141.95488190451138,11.815828469548393,136.84999999999127,216.09571428571402,0.0,20.879999999990105,14.68662206667256,18.056107841757363,10.29079061064269,42.535701872823395,93011.765,93271.26999999999,,,94032.84
2025-04-28 02:15:00,93084.43,93278.12,93032.7,93259.67,1865,2898,0,93111.42799999999,93172.7355,,,93101.2064435475,93111.10829216932,93217.60159814695,93345.57360011856,93533.86786533627,47.992211488055325,92762.51,93357.17,83.60407627888215,58.49243749994272,93172.7355,93635.23100609369,92710.2399939063,0.009927700493320642,-106.49330597763765,-134.86256671913662,28.369260741498977,245.41999999999825,210.32642857142804,100.30999999999767,0.0,17.005156466626733,16.457412375494147,1.6368859597028753,39.61435787902907,93020.315,93271.26999999999,,,94153.46
2025-04-28 02:20:00,93260.36,93392.22,93229.29,93357.48,1858,2898,0,93193.63799999999,93161.45599999999,,,93152.461154838,93149.01163183557,93227.96296124718,93346.04051776096,93532.11276219861,51.052657546218796,92762.51,93392.22,94.48317479474602,73.00441434198468,93161.45599999999,93591.69376253553,92731.21823746445,0.009236389833485298,-78.95132941160409,-123.68031925763013,44.72898984602604,162.93000000000757,209.03500000000037,114.10000000000582,0.0,20.161910674282392,15.477646485785638,13.143441057525793,37.72357810606455,93091.12,93271.26999999999,,,94042.65
2025-04-28 02:25:00,93357.75,93440.62,93303.92,93381.55,1680,2898,0,93251.96,93156.612,,,93198.2789238704,93184.78676539933,93239.33977893258,93347.43304647622,93530.61462526131,55.65801999048079,92762.51,93440.62,91.28902390467736,89.79209165943517,93156.612,93573.80716925094,92739.41683074905,0.008956855778545198,-54.55301353325194,-109.8548581127545,55.30184457950256,136.6999999999971,206.07071428571362,48.39999999999418,0.0,20.940054175802967,14.687580845895774,17.54950427133087,36.282572832155005,93116.63,93271.26999999999,,,94068.83
2025-04-28 02:30:00,93381.5,93602.85,93362.97,93510.39,1757,2898,0,93318.6,93160.4005,,,93260.70113909632,93234.8795707225,93259.41757308572,93353.82351524186,93530.41338520897,70.99248996503948,92762.51,93602.85,88.99731061237055,91.58983643726465,93160.4005,93589.43355344266,92731.36744655734,0.009210631365687639,-24.538002363216947,-92.791486962847,68.25348459963006,239.88000000000466,203.00142857142782,162.23000000001048,0.0,25.047708603223278,13.395397698758144,30.310534255304326,35.85599864809424,93197.745,93271.26999999999,,,94028.4
2025-04-28 02:35:00,93510.78,93525.1,93399.66,93455.57,1848,2898,0,93392.932,93162.8525,,,93299.67491127706,93268.8319444575,93273.94738248677,93357.81357346768,93529.66867490839,66.64971956583167,92762.51,93602.85,82.47376062070153,87.58669837924981,93162.8525,93598.32067428579,92727.3843257142,0.009348536731113806,-5.1154380292719,-75.25627717613199,70.14083914686009,125.44000000000233,199.58928571428572,0.0,0.0,23.86530049788027,12.76305136064774,30.310534255304326,35.45989404860925,93197.745,93271.26999999999,,,94068.62
2025-04-28 02:40:00,93455.57,93527.8,93408.71,93473.47,1675,2898,0,93435.69200000001,93160.56999999999,,,93334.43392902166,93300.31472223328,93288.72683563591,93362.34911960621,93529.10948411329,77.06830096998743,92762.51,93602.85,84.60385082228586,85.35830735178598,93160.56999999999,93588.59041884399,92732.549581156,0.009188875053984677,11.587886597364559,-57.88744442143268,69.47533101879725,119.08999999999651,191.69571428571362,2.6999999999970896,0.0,22.870883915017266,12.17541701114292,30.51810496750815,35.106909114244885,93245.66,93238.58499999999,,,93999.6
2025-04-28 02:45:00,93473.56,93581.35,93463.61,93535.83,1766,2898,0,93471.362,93171.697,,,93374.71314321733,93336.5478418897,93307.03077373696,93369.15229138636,93529.17635491813,76.28529058949152,92790.02,93602.85,91.75473346210107,86.27744830169615,93171.697,93627.12681240283,92716.26718759717,0.009776140760918591,29.51706815273792,-40.40654190659857,69.92361005933648,117.74000000000524,180.59642857142794,53.55000000000291,0.0,23.927495684128665,11.606452004518271,34.67400748030863,35.075987568963725,93317.775,93219.765,,,94018.14
2025-04-28 02:50:00,93535.52,93605.31,93504.94,93565.95,1678,2898,0,93508.242,93183.61399999999,,,93412.96051457388,93371.84048159896,93326.20997568236,93376.8698485869,93529.54226183439,81.77097567641465,92792.64,93605.31,95.15670567388969,90.50509665275888,93183.61399999999,93667.7874700617,92699.44052993828,0.010391815669688644,45.63050591660431,-23.19913234195799,68.8296382585623,100.36999999999534,168.85214285714235,23.95999999999185,0.0,23.925199430074624,11.129007685563442,36.50401135104454,35.177989267683785,93319.005,93197.15,,,93957.22
2025-04-28 02:55:00,93566.4,93635.32,93483.68,93605.75,1814,2898,0,93527.31399999998,93202.432,,,93451.51841165911,93407.82656135297,93346.91664415033,93385.84554079917,93530.30054778629,82.41315340935881,92792.64,93635.32,96.49095742155899,94.46746551918325,93202.432,93722.054287136,92682.80971286401,0.01115040189371868,60.90991720263264,-6.377322433039865,67.2872396356725,151.64000000001397,166.94000000000128,30.010000000009313,0.0,23.66581269870342,10.430874164219494,38.81590779682389,35.4378405911938,93334.01000000001,93198.91500000001,,,94055.55
2025-04-28 03:00:00,93605.4,93634.58,93502.67,93506.26,1867,2898,0,93537.452,93228.16549999999,,,93462.46672932728,93422.97016729866,93358.71985569476,93390.56767645411,93530.06133835559,77.94809220136113,92792.64,93635.32,84.6845777756668,92.11074695703849,93228.16549999999,93754.75284873863,92701.57815126135,0.011296743766531406,64.25031160390063,7.748204374348234,56.502107229552394,131.9100000000035,167.49142857142994,0.0,0.0,22.352246811945278,9.851910718272158,38.8159077968239,35.679131105881666,93432.305,93198.91500000001,,,94125.93
2025-04-28 03:05:00,93505.78,93544.05,93457.05,93499.7,1853,2898,0,93542.698,93251.00349999999,,,93469.91338346183,93434.77475694501,93369.162829347,93394.84737541669,93529.75923548639,76.05904462258768,92888.47,93635.32,81.84106580973304,87.67220033565293,93251.00349999999,93783.35451879454,92718.65248120544,0.011417593351572894,65.61192759801634,19.320949019081855,46.290978578934485,87.0,161.7707142857159,0.0,45.61999999999534,21.504462743970738,11.467085039753751,30.442543280214664,35.305089118334024,93469.62,93198.91500000001,,,94127.72
2025-04-28 03:10:00,93499.43,93637.67,93475.92,93586.72,1802,2898,0,93552.876,93286.302,,,93493.27470676946,93458.15094818425,93385.27817532129,93402.37179206702,93530.32600926266,74.71345564532203,93032.7,93637.67,91.57809478155991,86.03457945565323,93286.302,93808.81351915181,92763.79048084818,0.011202320339631698,72.87277286296012,30.03131378785751,42.841459075102605,161.75,151.13571428571595,93.61999999999534,0.0,24.07183167326362,10.657730995866906,38.62444455518548,35.542185935251986,93500.32,93200.09,,,94106.38
2025-04-28 03:15:00,93586.65,93779.3,93569.89,93751.33,1954,2898,0,93589.952,93324.9055,,,93544.88576541557,93503.25541769437,93412.3931252975,93416.05642767224,93532.5250539466,76.52063855733371,93032.7,93779.3,96.253683364586,89.89094798529298,93324.9055,93865.66685666495,92784.14414333504,0.01158878980413117,90.86229239686509,42.19750950965903,48.66478288720606,209.4100000000035,151.86642857142994,141.63000000000466,0.0,27.974471949640282,9.702903271924626,48.49480243851434,36.46737282834215,93589.48000000001,93270.905,,,94097.59
2025-04-28 03:20:00,93751.27,93842.62,93688.33,93795.55,1847,2898,0,93627.91200000001,93368.93549999999,,,93595.01861233247,93548.22381497217,93440.7751160162,93430.93852854785,93535.14221758893,84.43263852600235,93032.7,93842.62,94.18831489529921,94.0066976804817,93368.93549999999,93912.54496285382,92825.32603714617,0.011644332452603077,107.44869895596639,55.2477473989205,52.20095155704589,154.2899999999936,153.1121428571444,63.31999999999243,0.0,28.841582724080105,9.05893778962302,52.19623547730583,37.59086301755384,93625.66500000001,93302.565,,,94032.32
2025-04-28 03:25:00,93796.81,93802.28,93710.75,93734.83,1635,2898,0,93673.626,93409.81,,,93622.98088986598,93576.93245882262,93462.55695927427,93442.85584115381,93537.12916069751,75.87059259097967,93229.29,93842.62,82.4254479643922,90.95581540809246,93409.81,93932.9994540624,92886.62054593759,0.0112020237288226,114.37549954834685,67.07329782880578,47.302201719541074,91.52999999999884,142.12000000000157,0.0,0.0,27.668426846479637,8.690457799659077,52.19623547730585,38.63410390753613,93649.83499999999,93302.565,,,94063.31
2025-04-28 03:30:00,93734.52,93991.07,93728.9,93836.23,1828,2898,0,93740.932,93457.6875,,,93665.6307118928,93616.82438823451,93490.23644377248,93458.28227875562,93540.10528845177,75.96455262330132,93303.92,93991.07,77.46634650367328,84.69336978778823,93457.6875,93950.60450216803,92964.77049783197,0.010548452788713244,126.58794446203683,78.976227155452,47.611717306584836,262.1700000000128,149.20857142857338,188.79000000000815,0.0,32.611796433754556,7.721623573641362,61.71103976689578,40.28245646891896,93724.06,93376.79000000001,,,94150.21
2025-04-28 03:35:00,93835.35,93926.2,93774.73,93874.21,1747,2898,0,93798.43000000001,93504.0765,,,93707.34656951424,93656.42217465997,93518.67892941897,93474.59316978481,93543.42971344231,76.32180714652105,93362.97,93991.07,81.394682375418,80.4288256144945,93504.0765,93968.191285633,93039.96171436699,0.009927156184105113,137.74324524099939,90.72963077256148,47.01361446843791,151.47000000000116,150.26357142857367,0.0,0.0,30.496436712764424,7.2207615152905245,61.71103976689579,41.813069561631586,93724.06,93376.79000000001,,,94120.66
2025-04-28 03:40:00,93871.41,93875.46,93736.41,93861.86,1860,2898,0,93820.53600000001,93542.67250000002,,,93738.2492556114,93688.02799394305,93544.099749462,93489.78010430306,93546.59817400508,71.44809910294737,93399.66,93991.07,78.15221250908749,79.00441379605958,93542.67250000002,93989.85526154873,93095.4897384513,0.009561043096105955,143.9282444810524,101.36935351425966,42.55889096679273,139.0500000000029,143.0614285714307,0.0,38.31999999999243,28.658653259461854,8.44635501820793,54.47323469111828,42.717367070880634,93724.06,93376.79000000001,,,94227.13
2025-04-28 03:45:00,93861.35,93901.71,93807.71,93876.63,1692,2898,0,93836.75200000001,93577.6445,,,93765.92540448913,93717.04368718258,93568.73161987221,93504.95068844804,93549.8820727712,77.0152701142043,93408.71,93991.07,80.34892506353421,79.96527331601324,93577.6445,94013.74162677099,93141.547373229,0.009320540800126625,148.31206731036946,110.75789627348163,37.55417103688782,94.0,140.81571428571624,26.25,0.0,28.62784157615416,8.091370924710231,55.928407100126364,43.66101278725533,93724.06,93390.54500000001,,,94203.54
2025-04-28 03:50:00,93876.63,93882.23,93788.59,93835.23,1687,2898,0,93856.83200000001,93615.2105,,,93779.78632359131,93735.2261968468,93588.47224062242,93517.90281831282,93552.72135562921,72.5311410064761,93457.05,93991.07,70.81757237556461,76.43956998272877,93615.2105,93998.46822285146,93231.95277714854,0.008187936998794795,146.75395622437645,117.95710826366061,28.796847960715837,93.63999999999942,138.99785714285932,0.0,19.120000000009895,27.39276559122382,8.623199174300911,52.114573465180506,44.26483854996427,93733.495,93391.85500000001,,,94321.83
2025-04-28 03:55:00,93835.2,93898.46,93806.11,93837.68,1677,2898,0,93857.122,93644.111,,,93791.36505887305,93750.98832040883,93606.9320746504,93530.44309994762,93555.55676502593,70.3159283339377,93457.05,93991.07,71.27635669075825,74.14761804328568,93644.111,94000.72951750491,93287.4924824951,0.007616464371259889,144.05624575843103,123.1769357626147,20.879309995816328,92.35000000000582,137.1842857142879,16.230000000010477,0.0,26.962590689048337,8.245386711958687,53.16182683233117,44.90033771299047,93780.48000000001,93391.85500000001,,,94326.88
2025-04-28 04:00:00,93836.93,93954.41,93836.26,93954.41,1803,2898,0,93873.162,93673.9575,,,93823.97404709844,93782.28396342284,93632.67118023185,93547.06925289085,93559.52545393114,73.41531042796781,93457.05,93991.07,93.13508857346106,78.40967254659465,93673.9575,94029.48572417388,93318.42927582613,0.007590759132256691,149.61278319099802,128.46410524829136,21.148677942706655,118.15000000000873,138.4542857142889,55.94999999999709,0.0,28.123513931818998,7.7759848812921595,56.6791451781927,45.741681103362055,93839.70000000001,93391.85500000001,,,94378.62
2025-04-28 04:05:00,93954.41,93990.92,93883.39,93885.82,1774,2898,0,93877.954,93699.171,93446.9016,,93836.34323767875,93798.21258443472,93651.42294465912,93560.35359591476,93562.77216583233,66.31558098078708,93457.05,93991.07,80.29100033706618,81.56748186709517,93699.171,94038.5421436978,93359.7998563022,0.007243845171219384,146.7896397755976,132.12921215375263,14.660427621844974,107.52999999999884,135.30357142857352,36.50999999999476,0.0,28.43161095782289,7.365034723174666,58.8506990917065,46.67803953110094,93850.91,93439.77,,,94396.23
2025-04-28 04:10:00,93885.62,93999.92,93885.62,93959.95,1706,2898,0,93894.618,93721.649,93453.62960000001,,93861.06459014301,93823.09526375246,93674.27680061029,93576.02404313379,93566.72418408275,77.23458153746355,93457.05,93999.92,92.63727964337659,88.68778951796794,93721.649,94067.85638651857,93375.44161348144,0.007387991786584263,148.81846314217546,135.46706235143722,13.35140079073824,114.30000000000291,134.04571428571631,9.0,0.0,27.258881561967822,6.944888658753361,59.39109277172002,47.586114762573736,93864.41,93516.31,,,94342.35
2025-04-28 04:15:00,93959.73,94049.03,93914.58,94015.16,1835,2898,0,93930.604,93749.6285,93465.93280000001,,93891.88367211442,93852.64368471362,93699.52740797249,93593.24506105011,93571.18623200232,79.23500986864427,93475.92,94049.03,94.090139763746,89.00613991472959,93749.6285,94095.74272156494,93403.51427843508,0.00738379931958729,153.1162767411297,138.99690522937573,14.119371511753968,134.4499999999971,137.43500000000182,49.11000000000058,0.0,27.88347181500489,6.476843091452826,62.30044393315172,48.63713827475788,93892.72,93540.86499999999,93141.51749999999,,94318.44
2025-04-28 04:20:00,94015.36,94051.03,93935.28,94032.84,1878,2898,0,93969.636,93777.59700000001,93478.895,,93920.07493769153,93880.36619475768,93724.21722960417,93610.48407826383,93575.77980183315,77.46232640598743,93569.89,94051.03,96.21939560211116,94.3156050030779,93777.59700000001,94120.13459072089,93435.05940927913,0.007305318150152214,156.14896515350847,142.42731721420228,13.721647939306195,115.75,134.14928571428754,2.0,0.0,26.34528088832489,6.095945025605247,62.41852856129168,49.621523295224584,93893.72,93541.86499999999,93141.51749999999,,94320.77
2025-04-28 04:25:00,94033.7,94160.79,94028.12,94153.46,1821,2898,0,94009.44600000001,93808.4785,93492.26120000001,,93966.75195015324,93922.38062633343,93756.01299037423,93631.77725166525,93581.52786350646,76.17181906931268,93688.33,94160.79,98.44854590865103,96.2526937581694,93808.4785,94170.0759431253,93446.8810568747,0.007709269970204197,166.36763595919183,147.21538096320018,19.152254995991655,132.66999999999825,128.6678571428586,109.75999999999476,0.0,30.161395300278947,5.683383462806576,68.28891872721186,50.95490868322368,93974.69,93695.04,93145.7925,,94374.75
2025-04-28 04:30:00,94153.53,94180.55,94021.41,94042.65,1847,2898,0,94040.812,93832.3135,93504.4626,,93981.9315601226,93940.88360689752,93777.24536145764,93647.88990846269,93586.11614347158,64.79924296871133,93710.75,94180.55,70.647083865473,88.4383417920784,93832.3135,94189.41571159688,93475.21128840312,0.007611497538039085,163.63824543988449,150.49995385853703,13.13829158134746,159.13999999999942,129.01428571428758,19.760000000009313,0.0,28.73477955838736,5.226456902796981,69.22104465324453,52.25963268108231,93984.57,93742.235,93181.19499999999,,94550.69
2025-04-28 04:35:00,94042.61,94099.13,94026.49,94068.83,1858,2898,0,94062.588,93855.4675,93514.8316,,93999.31124809808,93960.56766737482,93798.84422357188,93664.39736303278,93590.91926642212,70.86717480944525,93728.9,94180.55,75.26403188309554,81.4532205524065,93855.4675,94210.76317558512,93500.17182441488,0.007571123665973305,161.7234438029409,152.7446518474178,8.978791955523093,72.63999999999942,127.66500000000191,0.0,0.0,27.642344850196476,5.0277582174676665,69.22104465324453,53.47116210766532,93993.33,93771.76000000001,93193.95,,94448.43
2025-04-28 04:40:00,94068.83,94078.21,94004.75,94028.4,1906,2898,0,94065.236,93881.5745,93522.5302,,94005.12899847847,93971.00341085561,93815.84835515915,93678.67197624718,93595.27230854727,62.99622631301196,93736.41,94180.55,65.74278380690572,70.55129985182475,93881.5745,94204.04672440817,93559.10227559184,0.006869766003086453,155.15505569646484,153.2267326172272,1.9283230792376287,73.4600000000064,114.18571428571575,0.0,21.74000000000524,26.543331852487363,6.0044839473980876,63.10361356156368,54.15919435437235,94008.405,93790.10500000001,93234.50749999999,,94435.08
2025-04-28 04:45:00,94027.54,94102.31,94015.01,94068.62,1805,2898,0,94072.39199999999,93910.02050000001,93530.94140000001,,94017.82719878278,93986.02134764705,93834.57218070292,93693.96405561003,93599.98223582542,63.10800059333412,93736.41,94180.55,74.79848696356831,71.93510088452318,93910.02050000001,94187.9523283302,93632.08867166983,0.005919109097206162,151.44916694413405,152.87121948260858,-1.4220525384745315,87.30000000000291,109.60214285714444,24.09999999999127,0.0,26.594783738782663,5.713749082355164,64.63009252703081,54.907115652419385,94031.97,93794.63,93234.50749999999,,94570.53
2025-04-28 04:50:00,94070.23,94082.19,93976.73,93999.6,1895,2898,0,94041.62,93930.6645,93539.272,,94014.18175902622,93988.11037108598,93846.79646361382,93705.94977891944,93603.95853198635,58.627731008218035,93788.59,94180.55,53.83457495662972,64.79194857570126,93930.6645,94165.4754024166,93695.8535975834,0.004999664458172852,141.31390747215482,150.55975708051784,-9.245849608363017,105.4600000000064,107.20285714285897,0.0,38.279999999998836,25.018819193812185,7.526130360840126,53.74931924106016,54.82441590875087,94033.08499999999,93818.8,93242.1225,,94538.5
2025-04-28 04:55:00,94000.45,94023.01,93974.3,94018.14,1817,2898,0,94036.71800000001,93944.005,93550.06619999999,,94014.97340722098,93992.73031399582,93859.48857742021,93718.1925326873,93608.0797406233,58.82220919938595,93788.59,94180.55,58.564649454025705,62.39923712474124,93944.005,94165.87669402729,93722.13330597272,0.0047234880826570284,133.24173657561187,147.09615297953664,-13.854416403924773,48.70999999999185,103.96785714285839,0.0,2.429999999993015,24.302484956880903,7.45347936933863,53.057767084184476,54.69822670699613,94047.565,93818.8,93268.76999999999,,94566.75
2025-04-28 05:00:00,94018.11,94105.97,93946.04,93957.22,1894,2898,0,94014.396,93952.0885,93560.5182,,94003.42272577679,93987.2671887657,93866.72794205575,93727.56615885643,93611.55377305491,57.42456148892939,93806.11,94180.55,40.35626535626526,50.91849658897356,93952.0885,94162.68033302756,93741.49666697244,0.004482962250010225,120.53924670995912,141.78477172562114,-21.245525015662025,159.93000000000757,108.70285714285897,82.9600000000064,0.0,26.837053831385905,6.768270324365246,59.71905943834238,55.056857616378004,94057.91500000001,93818.8,93258.0775,,94489.55
2025-04-28 05:05:00,93957.21,94081.05,93935.05,94055.55,1828,2898,0,94019.826,93968.1245,93573.49859999999,,94013.84818062144,93997.77223664791,93880.71476116273,93740.42827027381,93615.97164595984,61.87418929377299,93836.26,94180.55,63.69339800749454,54.204770939261834,93968.1245,94156.75799643665,93779.49100356337,0.004014840084131714,117.05747548518411,136.83931247753375,-19.78183699234964,146.0,112.53500000000142,0.0,10.989999999990687,24.61257307105994,6.831193150178007,56.549777770806365,55.16349477026574,94057.8,93818.8,93266.46250000001,,94559.48
2025-04-28 05:10:00,94056.72,94193.08,94055.86,94125.93,1868,2898,0,94031.28799999999,93982.60949999999,93585.63479999999,,94036.26454449716,94017.48881562517,93898.87885292846,93755.54598516504,93621.04585843785,59.845475627395935,93883.39,94193.08,78.31702670412082,60.78889668929353,93982.60949999999,94173.08118215833,93792.13781784165,0.004053338871343904,118.60996269670432,133.19344252136787,-14.583479824663556,137.52999999999884,113.91928571428642,112.02999999999884,0.0,29.02176947760424,6.301339460060867,64.32171657834039,55.8176534708425,94064.065,93825.065,93315.61,,94623.58
2025-04-28 05:15:00,94125.93,94161.78,94070.39,94127.72,1657,2898,0,94056.912,93995.285,93601.9234,,94054.55563559773,94034.44745937514,93915.83004900784,93770.14104457032,93626.08739218475,65.03866908711059,93885.62,94193.08,78.7419501723804,73.58412496133191,93995.285,94189.09482686514,93801.47517313487,0.00412382018662186,118.61741036729654,130.2782360905536,-11.660825723257062,91.38999999999942,112.76642857142932,0.0,0.0,27.495580844949867,5.969966396751868,64.32171657834039,56.42508654994949,94064.065,93834.5,93334.2675,,94652.22
2025-04-28 05:20:00,94127.75,94175.54,94084.03,94106.38,1801,2898,0,94074.56,94007.511,93617.4988,,94064.92050847819,94045.51400408665,93929.94486019245,93783.32688595972,93630.86642310828,59.74290390833996,93914.58,94193.08,68.86894075404054,75.30930587684725,94007.511,94196.67595145498,93818.34604854502,0.004024464629320502,115.56914389420126,127.33641765128314,-11.767273757081881,91.50999999999476,111.1385714285716,13.759999999994761,0.0,26.826980766753866,5.649593276424054,65.20819425772643,57.05245138621927,94064.065,93881.485,93350.205,,94695.43
2025-04-28 05:25:00,94105.76,94336.13,94070.77,94097.59,1873,2898,0,94102.634,94018.559,93634.86280000002,,94071.45440678255,94053.52569576564,93942.36301869672,93795.65092964757,93635.51043879875,55.845684703211894,93935.05,94336.13,40.52558093148322,62.712157285968054,94018.559,94201.23747715825,93835.88052284173,0.0038860088710413157,111.16267706891813,124.10166953481014,-12.938992465892014,265.3600000000006,120.48928571428613,160.59000000001106,0.0,31.662672193104648,4.838698771476187,73.48757789853192,58.2263889942416,94135.59,94012.23000000001,93430.1925,,94633.03
2025-04-28 05:30:00,94097.52,94121.41,94020.77,94032.32,1829,2898,0,94097.98799999998,94028.4135,93655.6774,,94063.62752542605,94050.26328103247,93949.02649879326,93804.93206966139,93639.45879264156,49.96545493197349,93935.05,94336.13,24.252019547223412,44.54884707758239,94028.4135,94189.4312453804,93867.39575461959,0.003424874235071642,101.2367822392116,119.52869207569044,-18.291909836478837,100.63999999999942,119.41000000000038,0.0,50.0,29.90930319917156,7.321967233666187,60.66764765991839,58.40076461321852,94135.59,94023.44,93464.115,,94745.14
2025-04-28 05:35:00,94032.32,94094.4,94012.21,94063.31,1766,2898,0,94085.464,94039.695,93676.08480000001,,94063.56402034084,94052.27046856594,93957.4919433271,93815.06453751781,93643.6762175904,43.20146000814397,93935.05,94336.13,31.978657624412637,32.252086034373086,94039.695,94173.81587705939,93905.57412294063,0.002852431136859393,94.77852523884212,114.57865870832077,-19.800133469478652,82.18999999998778,115.80428571428534,0.0,8.559999999997672,28.520270609492954,7.465607281628718,58.50812752593366,58.40843339269817,94135.59,94032.515,93476.2,,94665.38
2025-04-28 05:40:00,94063.14,94179.7,94062.55,94150.21,1742,2898,0,94089.962,94049.485,93701.474,,94080.89321627267,94067.33808878656,93971.7673549325,93828.20749683084,93648.71635472881,58.41495853544154,93935.05,94336.13,53.64515807320299,36.625278414946344,94049.485,94185.95793766828,93913.01206233172,0.002902151727216386,95.57073385406693,110.77707373747002,-15.20633988340309,117.14999999999418,112.80499999999925,85.30000000000291,0.0,31.467655797171386,6.968816888330354,63.738520205268486,58.789153879310334,94135.59,94036.27,93550.425,,94699.3
2025-04-28 05:45:00,94149.84,94159.49,94071.99,94120.66,1751,2898,0,94092.818,94061.22699999998,93724.30200000001,,94088.84657301813,94075.54145974248,93982.7964397523,93839.67622244533,93653.41231139818,54.0336513767182,93935.05,94336.13,46.27755061334391,43.967122103653175,94061.22699999998,94177.29436249183,93945.15963750814,0.0024679108745166976,92.74501999017957,107.17066298801194,-14.42564299783237,87.5,113.86642857142786,0.0,0.0,29.86891541501225,6.6147603597138245,63.73852020526849,59.1426800454502,94135.59,94036.27,93550.425,,94677.64
2025-04-28 05:50:00,94120.61,94261.24,94108.85,94227.13,1836,2898,0,94118.726,94074.586,93750.54560000001,,94116.50325841452,94098.86277362825,94000.89522199288,93854.87048823178,93659.12094511562,64.02450212417722,93935.05,94336.13,72.82337688241759,57.58202852298816,94074.586,94202.47392139182,93946.69807860817,0.002718862273639477,97.96755163537455,105.33004071748447,-7.362489082109917,152.38999999999942,119.5042857142845,101.75,0.0,33.07925163419094,6.039278412616444,69.12318328224437,59.855573133792646,94174.17000000001,94062.36,93550.425,,94747.2
2025-04-28 05:55:00,94227.13,94235.17,94181.57,94203.54,1714,2898,0,94152.97,94084.005,93776.26960000001,,94133.91060673162,94114.96696230082,94015.9059462897,93868.54380241878,93664.53805013935,59.75024570734811,93935.05,94336.13,66.94175725540778,62.014228250389756,94084.005,94220.89612500557,93947.11387499444,0.002909976568399018,99.0610160111246,104.0762357762125,-5.015219765087906,53.59999999999127,117.09714285714082,0.0,0.0,32.02392910680724,5.84660819660138,69.12318328224436,60.51754528725348,94174.17000000001,94062.36,93557.3025,,94634.34
2025-04-28 06:00:00,94203.75,94344.88,94203.18,94321.83,1782,2898,0,94204.67400000001,94098.45449999999,93805.1326,,94171.49448538531,94146.79204502377,94038.56698730527,93886.3197317357,93671.07826854593,71.73851447075438,93935.05,94344.88,94.37571676060738,78.04695029947759,94098.45449999999,94269.38275081094,93927.52624918905,0.0036329661675994127,108.2250577185041,104.90600016467083,3.319057553833275,141.70000000001164,119.68571428571262,109.7100000000064,0.0,35.80418210552184,5.35978974522031,73.95883096677572,61.477637121505076,94178.54500000001,94075.495,93562.675,,94696.69
2025-04-28 06:05:00,94321.83,94358.75,94271.68,94326.88,1686,2898,0,94240.008,94107.1255,93832.74160000001,,94202.57158830826,94174.49788425089,94059.92350676414,93903.59660500097,93677.60365890866,71.21457823708859,93935.05,94358.75,92.4781685154601,84.59854751049174,94107.1255,94305.23610020797,93909.01489979202,0.0042103209327751905,114.5743774867442,106.83967562908552,7.734701857658678,87.07000000000698,122.42571428571371,13.869999999995343,0.0,34.766298555039846,5.079891086064521,74.50250007933393,62.40798447563571,94185.48000000001,94097.505,93586.16750000001,,94776.51
2025-04-28 06:10:00,94326.87,94396.81,94323.86,94378.62,1811,2898,0,94291.6,94123.924,93858.5152,,94237.7812706466,94205.90128667383,94083.53065441124,93922.22497343231,93684.5789458847,79.32579890880665,93935.05,94396.81,96.06072418572363,94.30486982059703,94123.924,94353.49361034906,93894.35438965094,0.004878028891975705,122.37063226259488,109.9458669557874,12.424765306807487,72.94999999999709,116.21285714285581,38.05999999999767,0.0,35.54956234668338,4.851303347473685,75.98416140783192,63.37771139936401,94204.51000000001,94140.1,93615.77750000001,,
2025-04-28 06:15:00,94378.01,94412.41,94275.21,94396.23,1769,2898,0,94325.42,94140.294,93882.896,,94269.47101651729,94235.18262718555,94106.6935688993,93940.81340584673,93691.66005090077,76.70910687405826,94012.21,94412.41,95.95702148925345,94.83197139681238,94140.294,94398.25815470294,93882.32984529705,0.0054804195683294974,128.4890582862572,113.65450522188135,14.834553064375854,137.1999999999971,115.58428571428418,0.0,48.64999999999418,32.58018384864826,7.407913772775111,62.949406381330995,63.34711818379022,94212.31,94149.015,93645.34,,
2025-04-28 06:20:00,94396.23,94434.2,94318.99,94342.35,1877,2898,0,94353.182,94155.9915,93908.06480000001,,94284.04681321383,94251.66991531085,94124.14960083268,93956.55993895077,93698.13457775749,67.41782828445494,94012.21,94434.2,78.23408137633751,90.08394235043819,94155.9915,94423.32503071245,93888.65796928755,0.005678524041934192,127.5203144781699,116.42766707313906,11.092647405030831,115.20999999999185,113.98999999999796,21.789999999993597,0.0,31.620347717850837,6.887650519441305,64.22742892529207,63.40999752246893,94248.375,94174.39,93690.36,,
2025-04-28 06:25:00,94342.45,94369.98,94294.26,94318.44,1754,2898,0,94352.504,94168.4825,93929.2402,,94290.92545057109,94261.94223603225,94138.54148225248,93970.75131389388,93704.30677101364,64.82172277658614,94012.21,94434.2,72.56807033342086,82.25305773300393,94168.4825,94441.90313741274,93895.06186258726,0.0058070520019846104,123.40075377977337,117.82228441446593,5.578469365307441,75.72000000000116,112.87071428571237,0.0,24.730000000010477,30.122974043584605,8.108084190772159,57.58378362916598,62.99383938723301,94253.095,94184.625,93716.7925,93405.76999999999,
2025-04-28 06:30:00,94318.13,94381.93,94308.64,94320.77,1800,2898,0,94351.28199999999,94184.541,93948.506,,94296.89436045688,94270.99266125806,94152.03989097451,93984.47753687843,93710.44073349112,67.16850585390041,94012.21,94434.2,73.12021611886644,74.64078927620825,94184.541,94453.89390448354,93915.18809551645,0.005719683965621173,118.95277028354758,118.04838158828227,0.9043886952653111,73.2899999999936,111.56928571428372,11.94999999999709,0.0,29.47299542402816,7.726688521721775,58.45831092011442,62.669873068153116,94271.525,94184.625,93717.7925,93406.76999999999,
2025-04-28 06:35:00,94320.68,94449.33,94320.48,94374.75,1841,2898,0,94350.508,94202.3715,93968.37,,94312.4654883655,94286.95532875683,94168.5369360875,93999.7823393538,93717.05077594396,70.6971742636959,94012.21,94449.33,82.93832357247379,76.2088700082537,94202.3715,94472.55616404535,93932.18683595464,0.0057362603455340545,118.4183926693222,118.12238380449025,0.296008864831947,128.85000000000582,101.81857142856981,67.40000000000873,0.0,31.34044166867687,7.094824604494969,63.08169401471159,62.69928885005015,94315.45000000001,94192.19,93834.86499999999,93461.65,
2025-04-28 06:40:00,94373.32,94576.41,94373.32,94550.69,1775,2898,0,94381.4,94232.04500000001,93989.17599999999,,94360.11039069241,94327.52989356348,94196.8445704514,94021.38656133994,93725.34569359626,83.21905079271423,94012.21,94576.41,95.44133286068747,83.8332908506759,94232.04500000001,94518.71921917029,93945.37078082973,0.006084431663778063,130.68532311207673,120.63497166600756,10.050351446069172,203.0899999999965,109.13642857142675,127.08000000000175,0.0,35.1474063020457,6.230036789729525,69.88679664951121,63.21268226429738,94389.795,94255.73000000001,93863.4025,93471.53,
2025-04-28 06:45:00,94548.88,94551.66,94426.58,94448.43,1879,2898,0,94402.61600000001,94251.689,94009.0332,,94377.77431255393,94346.12990993832,94215.48052819574,94038.13336285602,93732.5405623167,72.61421021726261,94062.55,94576.41,75.09438368426997,84.49134670581041,94251.689,94541.2691902138,93962.1088097862,0.006144827605451285,130.64938174257986,122.63785368132203,8.011528061257835,125.08000000000175,112.19999999999916,0.0,0.0,32.518459052159706,5.764043995146138,69.88679664951121,63.68940472038408,94424.045,94255.73000000001,93882.54500000001,93471.53,
2025-04-28 06:50:00,94449.19,94541.06,94413.09,94435.08,1899,2898,0,94425.944,94267.1465,94028.2654,,94389.23545004315,94359.81453917858,94231.7471557368,94053.69989764599,93739.5310044827,68.30901728902829,94071.99,94576.41,71.98168193172312,80.83913282556018,94267.1465,94561.4279649296,93972.86503507041,0.006243563656179845,128.06738344178302,123.72375963341423,4.34362380836879,127.97000000000116,112.97285714285681,0.0,13.490000000005239,30.04257277446506,6.127791855259708,66.11705788432171,63.8628085178082,94425.81,94255.73000000001,93899.255,93471.53,
2025-04-28 06:55:00,94432.78,94667.6,94429.2,94570.53,1919,2898,0,94475.896,94289.287,94048.95939999999,,94425.49436003453,94392.23230238188,94256.84218123776,94073.96774479713,93747.79965120427,75.44945409288863,94108.85,94667.6,82.6272930648757,76.56778622695624,94289.287,94605.23345523045,93973.34054476954,0.006701640563481113,135.39012114411162,126.05703193555372,9.333089208557894,238.40000000000873,123.75142857142886,126.54000000000815,0.0,33.095106941854056,5.315799254688255,72.32140669898189,64.46699410217775,94471.405,94301.32500000001,93913.3,93471.53,
2025-04-28 07:00:00,94568.7,94661.43,94531.88,94538.5,1916,2898,0,94508.646,94310.893,94068.4104,,94448.09548802763,94414.73502509235,94277.7057233683,94092.18469598156,93755.66731636644,69.23438059821314,94181.57,94667.6,73.43785363043307,76.01560954234395,94310.893,94633.21060610349,93988.5753938965,0.0068352148060667845,137.0293017240474,128.25148589325246,8.777815830794935,129.54999999998836,122.11999999999951,0.0,0.0,30.713382239687952,4.933242086376597,72.32140669898189,65.02802357337805,94480.93,94301.32500000001,93925.9425,93471.53,
2025-04-28 07:05:00,94540.64,94625.38,94538.54,94566.75,1893,2898,0,94511.85800000001,94334.351,94087.6304,,94471.82639042211,94438.1219443089,94299.1164105262,94110.79510006071,93763.73779083045,72.30827815789857,94203.18,94667.6,78.2847422591613,78.11662965149002,94334.351,94659.58132019603,94009.12067980396,0.0068952680915996606,139.00553378270706,130.4022954711434,8.603238311563672,86.88000000000466,124.49714285714332,0.0,0.0,29.195922914543647,4.6895048727820265,72.32140669898189,65.54897951092119,94480.93,94301.32500000001,93933.1825,93471.53,
2025-04-28 07:10:00,94566.65,94585.02,94471.51,94489.55,1851,2898,0,94520.08200000001,94357.2125,94107.29620000001,,94475.3711123377,94446.03395287678,94313.22260233908,94125.64823339168,93770.959802862,60.84892235245448,94271.68,94667.6,55.02879369569682,68.91712986176373,94357.2125,94656.27811736442,94058.14688263557,0.006339009164019631,132.81135053769685,130.8841064844541,1.9272440532427595,113.51000000000931,122.48357142857172,0.0,67.02999999999884,27.298242414451867,8.222969880659356,53.701074094303465,64.70270055259135,94488.12,94301.32500000001,93938.35750000001,93471.53,
2025-04-28 07:15:00,94489.29,94622.01,94489.16,94559.48,1869,2898,0,94544.962,94382.021,94128.4918,,94492.19288987017,94463.48719089574,94331.46389105471,94142.66124384692,93778.80577497282,63.88060057766209,94275.21,94667.6,72.44578098320292,68.58643897935367,94382.021,94660.00827164366,94104.03372835633,0.005890682752887137,132.02329984103562,131.1119451557704,0.9113546852652235,132.84999999999127,125.7535714285706,36.98999999999069,0.0,27.339524726616872,7.600318709488232,56.4948324775008,64.11642426151346,94494.04000000001,94339.905,93938.3,93471.53,
2025-04-28 07:20:00,94559.36,94637.88,94536.78,94623.58,1866,2898,0,94555.57200000001,94405.68950000001,94149.229,,94518.47031189615,94488.11685383486,94353.10212134695,94161.52080291175,93787.21148865469,64.40568323492803,94275.21,94667.6,88.7815693570162,72.08538134530531,94405.68950000001,94681.1702618063,94130.20873819372,0.005836105075135146,135.01473248790717,131.89250262219775,3.1222298657094143,101.10000000000582,127.7642857142855,15.870000000009895,0.0,26.659260756824516,7.156225235561675,57.674863894175864,63.65631280670364,94520.46,94339.905,93944.565,93477.795,
2025-04-28 07:25:00,94622.83,94681.31,94600.65,94652.22,1910,2898,0,94578.31599999999,94432.2675,94167.2468,,94545.22024951692,94513.36349170642,94375.25900124716,94180.76390867992,93795.81853851883,64.86153846153903,94294.26,94681.31,92.48417517116746,84.57050850379552,94432.2675,94694.1969834696,94170.3380165304,0.005547457249601779,138.10449045925634,133.13490018960948,4.969590269646858,80.66000000000349,123.72571428571453,43.429999999993015,0.0,27.958756104240678,6.814131709029756,60.807789415584466,63.45284685019513,94547.2,94346.76000000001,93949.2825,93477.795,
2025-04-28 07:30:00,94652.16,94752.65,94632.57,94695.43,1965,2898,0,94604.052,94455.6825,94185.24440000001,,94575.26219961353,94541.37372375157,94398.97537152516,94200.94689265326,93804.76989634451,70.7552493592603,94294.26,94752.65,87.51717969414663,89.59430807411009,94455.6825,94724.04649906633,94187.31850093366,0.005682326186491448,142.39835222641705,134.987590596971,7.410761629446057,120.0799999999872,124.07357142857134,71.33999999999651,0.0,30.197634805341856,6.329069059800135,65.34552319219767,63.588038017481026,94582.87,94382.43,93972.775,93477.795,
2025-04-28 07:35:00,94694.98,94721.35,94605.25,94633.03,1878,2898,0,94632.74799999999,94477.15699999999,94203.2084,,94586.81575969083,94555.47468932826,94416.31275141219,94217.89132823549,93813.01129041075,67.69208273814235,94308.64,94752.65,73.05916533411482,84.35350673314298,94477.15699999999,94728.78102337853,94225.53297662146,0.005326663743248236,139.1619379160693,135.82246006079066,3.3394778552786306,116.10000000000582,126.95785714285739,0.0,27.320000000006985,28.113845573140377,7.516119378877415,57.81012196335733,63.17532972790076,94590.92499999999,94382.43,94073.91,93549.32,
2025-04-28 07:40:00,94632.19,94769.35,94632.19,94745.14,1880,2898,0,94669.88,94498.32250000001,94221.3866,,94618.48060775267,94584.65396789314,94440.67032538165,94238.56774673607,93822.28620294397,71.24292936877436,94320.48,94769.35,94.60645621226506,85.06093374684217,94498.32250000001,94765.65766396021,94230.9873360398,0.005657987504703149,143.98364251149178,137.4546965509309,6.52894596056089,137.1600000000035,131.52000000000095,48.0,0.0,28.66925756291556,6.909511374032028,61.159356658590355,63.03133165152145,94620.43,94390.78,94079.515,93549.32,
2025-04-28 07:45:00,94745.13,94801.46,94660.24,94665.38,1835,2898,0,94678.23999999999,94515.2475,94237.21,,94627.86048620215,94597.07335744804,94457.31548646449,94255.30548215818,93830.67519594952,64.18219259635242,94373.32,94801.46,68.21600411080443,78.62720855239478,94515.2475,94779.72712491447,94250.76787508553,0.005596549380341433,139.75787098355067,137.91533143745485,1.8425395460958214,141.22000000000116,132.40357142857206,32.11000000000058,0.0,28.18203963984665,6.341976551837758,63.26049370023576,63.04770036928676,94636.485,94432.005,94084.05249999999,93549.32,
2025-04-28 07:50:00,94665.16,94703.56,94638.75,94699.3,1854,2898,0,94687.656,94531.28150000001,94253.95880000001,,94642.14838896172,94612.80053322527,94475.2402652449,94272.71703187746,93839.31822882564,58.4187806619008,94413.09,94801.46,73.69518757885498,78.83921596730816,94531.28150000001,94799.73769376287,94262.82530623715,0.0056797324547612415,137.56026798037055,137.844318746038,-0.2840507656674447,64.80999999999767,122.52642857142928,0.0,21.49000000000524,27.08261304105555,7.388130736702933,57.13390587487139,62.625286476828514,94636.485,94436.725,94085.93,93549.32,
2025-04-28 07:55:00,94699.04,94702.78,94629.81,94677.64,1819,2898,0,94684.098,94545.35199999998,94269.97899999999,,94649.24671116938,94622.77583580598,94490.23283818972,94288.59636396069,93847.65973898658,64.28972207329187,94413.09,94801.46,68.11803177382293,70.00974115449411,94545.35199999998,94813.50308911553,94277.20091088444,0.005672433037544745,132.5429976162559,136.78405452008158,-4.241056903825694,72.97000000000116,118.80428571428638,0.0,8.940000000002328,25.859407616351866,7.6077932380852555,54.53582586022215,62.04746786135663,94645.31,94455.155,94085.93,93549.32,
2025-04-28 08:00:00,94677.86,94755.19,94677.46,94747.2,1702,2898,0,94706.932,94565.5945,94288.2184,,94668.8373689355,94641.91801491275,94509.26744276827,94306.58082027597,93856.6103883499,68.18414858660981,94429.2,94801.46,85.42416590554774,75.7457950860752,94565.5945,94830.32332184401,94300.865678156,0.005598840111855016,132.6505721444846,135.95735804496218,-3.306785900477564,77.72999999999593,115.21571428571458,52.41000000000349,0.0,27.90698669089971,7.233029079194946,58.833091444708465,61.81786954588176,94669.12,94491.51500000001,94118.26500000001,93549.32,
2025-04-28 08:05:00,94747.07,94824.95,94582.69,94634.34,1946,2898,0,94684.77200000001,94581.3895,94304.1516,,94661.93789514841,94640.75216646463,94518.53207663728,94319.43412144162,93864.3489914509,53.81807737874415,94471.51,94824.95,46.07005432322337,66.53741733419801,94581.3895,94820.48312389785,94342.29587610216,0.00505582811083245,122.2200898273586,133.20990440144146,-10.989814574082857,242.25999999999476,115.49142857142786,0.0,94.77000000000407,23.94751273809189,11.757063879545639,34.14253861373153,59.84106019358532,94703.82,94514.065,94118.26500000001,93563.07500000001,
2025-04-28 08:10:00,94633.73,94742.57,94633.08,94696.69,1704,2898,0,94691.034,94600.18549999999,94318.99720000001,,94668.88831611874,94649.35798700854,94531.72895984932,94334.22846962039,93872.63099153597,59.13389918586555,94471.51,94824.95,63.7109551833426,65.0683918040379,94600.18549999999,94810.37000736431,94390.00099263567,0.004443638376677811,117.62902715921518,130.09372895299623,-12.464701793781046,109.49000000000524,114.05857142857192,0.0,0.0,22.400613971217247,10.997611830548223,34.14253861373153,58.005451509310056,94703.82,94548.315,94127.02,93568.76000000001,
2025-04-28 08:15:00,94697.02,94805.28,94697.02,94776.51,596,2898,0,94706.476,94620.2735,94336.811,,94690.41265289499,94668.91983516107,94549.86088874936,94351.57284336076,93881.62481251571,61.430813497253496,94471.51,94824.95,86.29470348573959,65.35857099743518,94620.2735,94816.04020522571,94424.50679477428,0.004137944184355303,119.05894641170744,127.88677244473848,-8.827826033031045,108.58999999999651,115.60928571428563,62.70999999999185,0.0,24.682009453826243,10.287829323581246,41.16170000630503,56.802326401952556,94703.82,94550.08,94141.49250000001,93575.695,
